	<!--  *******************************************************************  -->
	<!--      Protocols and Rpcs used in FriendGroup System 30333-30399        -->
	<!--  *******************************************************************  -->
	<rpcdata name="ChatRoleInfo">
		<variable name="zoneid" type="int" default="0"/>
		<variable name="roleid" type="int" default="0"/>
		<variable name="name" type="Octets"/>
		<variable name="level" type="short" default="0"/>
		<variable name="cultivation" type="char" default="0"/>
		<variable name="occupation" type="char" default="0"/>
	</rpcdata>
	<rpcdata name="ChatRoleHistory">
		<variable name="time" type="int" default="0"/>
		<variable name="operation" type="int" default="0"/>
		<variable name="object" type="Octets"/>
	</rpcdata>
	<rpcdata name="FRole">
		<variable name="info" type="ChatRoleInfo"/>
		<variable name="own_count" type="short" default="0"/>
		<variable name="own_addon" type="short" default="0"/>
		<variable name="join_addon" type="short" default="0"/>
		<variable name="chats" type="std::vector&lt;int&gt;"/>
		<variable name="ignore" type="std::vector&lt;char&gt;"/>
		<variable name="dirty" type="std::vector&lt;char&gt;"/>
		<variable name="history" type="std::vector&lt;ChatRoleHistory&gt;"/>
		<variable name="reserved" type="int" default="0"/>
	</rpcdata>
	<rpcdata name="FChat">
		<variable name="chat_name" type="Octets"/>
		<variable name="intro" type="Octets"/>
		<variable name="owner" type="int" default="0"/>
		<variable name="capacity_addon" type="short" default="0"/>
		<variable name="member_count" type="short" default="0"/>
		<variable name="confirm" type="char" default="0"/>
		<variable name="can_search" type="bool" default="false"/>
		<variable name="is_delete" type="bool" default="false"/>
		<variable name="reserved" type="int" default="0"/>
	</rpcdata>
	<rpcdata name="FChatRole">
		<variable name="info" type="ChatRoleInfo"/>
		<variable name="ignore_msg" type="bool" default="false"/>
	</rpcdata>

	<rpcdata name="FChatElement">
		<variable name="is_delete" type="char" default="0"/>
		<variable name="is_owner" type="char" default="0"/>
		<variable name="ignore_msg" type="char" default="0"/>
		<variable name="chat_name" type="Octets"/>
		<variable name="confirm" type="char" default="0"/>
		<variable name="can_search" type="char" default="0"/>
		<variable name="capacity_addon" type="short" default="0"/>
	</rpcdata>
	<rpcdata name="FSearchResult">
		<variable name="fg_chatid" type="int" default="0"/>
		<variable name="intro" type="Octets"/>
		<variable name="confirm" type="char" default="0"/>
		<variable name="member_count" type="short" default="0"/>
		<variable name="owner_id" type="int" default="0"/>
	</rpcdata>

	<!-- client ==> delivery -->
	<protocol debug="0" name="FG_OnPlayerOn" type="30340" maxsize="1024" prior="1">
		<variable name="fg_roleid" type="int"/>
		<variable name="info" type="ChatRoleInfo" attr="ref"/>
		<variable name="state" type="int"/>
		<variable name="offline_chats" type="std::vector&lt;int&gt;" attr="ref"/>
	</protocol>
	<protocol debug="0" name="FG_GetChatList" type="30341" maxsize="1024" prior="1">
		<variable name="roleid" type="int"/>
		<variable name="fg_roleid" type="int"/>
	</protocol>
	<protocol debug="0" name="FG_SetChatName" type="30342" maxsize="1024" prior="1">
		<variable name="roleid" type="int"/>
		<variable name="fg_roleid" type="int"/>
		<variable name="fg_chatid" type="int"/>
		<variable name="chat_name" type="Octets" attr="ref"/>
	</protocol>
	<protocol debug="0" name="FG_SetChatConfirm" type="30343" maxsize="1024" prior="1">
		<variable name="roleid" type="int"/>
		<variable name="fg_roleid" type="int"/>
		<variable name="fg_chatid" type="int"/>
		<variable name="zoneid" type="int"/>
		<variable name="roleid" type="int"/>
		<variable name="confirm" type="char"/>
	</protocol>
	<protocol debug="0" name="FG_SetChatCansearch" type="30344" maxsize="1024" prior="1">
		<variable name="roleid" type="int"/>
		<variable name="fg_roleid" type="int"/>
		<variable name="fg_chatid" type="int"/>
		<variable name="zoneid" type="int"/>
		<variable name="roleid" type="int"/>
		<variable name="cansearch" type="char"/>
	</protocol>
	<protocol debug="0" name="FG_IgnoreMsg" type="30345" maxsize="1024" prior="1">
		<variable name="roleid" type="int"/>
		<variable name="fg_roleid" type="int"/>
		<variable name="fg_chatid" type="int"/>
		<variable name="ignore" type="char"/>
	</protocol>
	<protocol debug="0" name="FG_GetRoleHistory" type="30346" maxsize="1024" prior="1">
		<variable name="roleid" type="int"/>
		<variable name="fg_roleid" type="int"/>
	</protocol>
	<protocol debug="0" name="FG_GetChatIntro" type="30347" maxsize="1024" prior="1">
		<variable name="roleid" type="int"/>
		<variable name="fg_roleid" type="int"/>
		<variable name="fg_chatid" type="int"/>
	</protocol>
	<protocol debug="0" name="FG_SetChatIntro" type="30348" maxsize="1024" prior="1">
		<variable name="roleid" type="int"/>
		<variable name="fg_roleid" type="int"/>
		<variable name="fg_chatid" type="int"/>
		<variable name="intro" type="Octets" attr="ref"/>
	</protocol>
	<protocol debug="0" name="FG_GetChatMembers" type="30349" maxsize="1024" prior="1">
		<variable name="roleid" type="int"/>
		<variable name="fg_roleid" type="int"/>
		<variable name="fg_chatid" type="int"/>
	</protocol>
	<protocol debug="0" name="FG_UpdateChatMembers" type="30350" maxsize="1024" prior="1">
		<variable name="roleid" type="int"/>
		<variable name="fg_roleid" type="int"/>
		<variable name="fg_chatid" type="int"/>
	</protocol>
	<protocol debug="0" name="FG_CreateChat" type="30351" maxsize="1024" prior="1">
		<variable name="roleid" type="int"/>
		<variable name="fg_roleid" type="int"/>
		<variable name="info" type="ChatRoleInfo" attr="ref"/>
		<variable name="chat_name" type="Octets" attr="ref"/>
	</protocol>
	<protocol debug="0" name="FG_ChangeOwner" type="30352" maxsize="1024" prior="1">
		<variable name="roleid" type="int"/>
		<variable name="fg_roleid" type="int"/>
		<variable name="fg_chatid" type="int"/>
		<variable name="trans_to" type="int"/>
	</protocol>
	<protocol debug="0" name="FG_KickMember" type="30353" maxsize="1024" prior="1">
		<variable name="roleid" type="int"/>
		<variable name="fg_roleid" type="int"/>
		<variable name="fg_chatid" type="int"/>
		<variable name="kick_roleid" type="int"/>
	</protocol>
	<protocol debug="0" name="FG_DisbandChat" type="30354" maxsize="1024" prior="1">
		<variable name="roleid" type="int"/>
		<variable name="fg_roleid" type="int"/>
		<variable name="fg_chatid" type="int"/>
	</protocol>
	<protocol debug="0" name="FG_LeaveChat" type="30354" maxsize="1024" prior="1">
		<variable name="roleid" type="int"/>
		<variable name="fg_roleid" type="int"/>
		<variable name="fg_chatid" type="int"/>
	</protocol>
	<protocol debug="0" name="FG_SearchById" type="30356" maxsize="1024" prior="1">
		<variable name="roleid" type="int"/>
		<variable name="zoneid" type="int"/>
		<variable name="fg_chatid" type="int"/>
	</protocol>
	<protocol debug="0" name="FG_SearchByName" type="30357" maxsize="1024" prior="1">
		<variable name="roleid" type="int"/>
		<variable name="zoneid" type="int"/>
		<variable name="chat_name" type="Octets" attr="ref"/>
	</protocol>
	<protocol debug="0" name="FG_Apply" type="30358" maxsize="1024" prior="1">
		<variable name="roleid" type="int"/>
		<variable name="fg_roleid" type="int"/>
		<variable name="fg_chatid" type="int"/>
		<variable name="info" type="ChatRoleInfo" attr="ref"/>
	</protocol>
	<protocol debug="0" name="FG_GetApplicants" type="30359" maxsize="1024" prior="1">
		<variable name="roleid" type="int"/>
		<variable name="fg_roleid" type="int"/>
		<variable name="fg_chatid" type="int"/>
		<variable name="zoneid" type="int"/>
	</protocol>
	<protocol debug="0" name="FG_AgreeApply" type="30360" maxsize="1024" prior="1">
		<variable name="roleid" type="int"/>
		<variable name="fg_roleid" type="int"/>
		<variable name="fg_chatid" type="int"/>
		<variable name="zoneid" type="int"/>
		<variable name="applicant" type="int"/>
		<variable name="agree" type="char"/>
	</protocol>
	<protocol debug="0" name="FG_Talk" type="30361" maxsize="1024" prior="1">
		<variable name="roleid" type="int"/>
		<variable name="fg_roleid" type="int"/>
		<variable name="fg_chatid" type="int"/>
		<variable name="vip" type="char"/>
		<variable name="msg" type="Octets" attr="ref"/>
	</protocol>
	<protocol debug="0" name="FG_AddChatCapacity" type="30362" maxsize="1024" prior="1">
		<variable name="roleid" type="int"/>
		<variable name="fg_roleid" type="int"/>
		<variable name="fg_chatid" type="int"/>
		<variable name="add_capacity" type="int"/>
		<variable name="zoneid" type="int"/>
	</protocol>
	<protocol debug="0" name="FG_AddOwnLimit" type="30363" maxsize="1024" prior="1">
		<variable name="roleid" type="int"/>
		<variable name="fg_roleid" type="int"/>
		<variable name="add" type="int"/>
	</protocol>
	<protocol debug="0" name="FG_AddJoinLimit" type="30364" maxsize="1024" prior="1">
		<variable name="roleid" type="int"/>
		<variable name="fg_roleid" type="int"/>
		<variable name="add" type="int"/>
	</protocol>
	<protocol debug="0" name="FG_Invite" type="30365" maxsize="1024" prior="1">
		<variable name="roleid" type="int"/>
		<variable name="fg_roleid" type="int"/>
		<variable name="fg_chatid" type="int"/>
		<variable name="zoneid" type="int"/>
		<variable name="invitee_oroleid" type="int"/>
	</protocol>
	<protocol debug="0" name="FG_AgreeInvite" type="30366" maxsize="1024" prior="1">
		<variable name="roleid" type="int"/>
		<variable name="fg_roleid" type="int"/>
		<variable name="fg_chatid" type="int"/>
		<variable name="info" type="ChatRoleInfo" attr="ref"/>
		<variable name="owner_oroleid" type="int"/>
		<variable name="agree" type="char"/>
	</protocol>

	<!-- gamed ==> delivery -->
	<protocol debug="0" name="FG_UseItem" type="30367" maxsize="1024" prior="1">
		<variable name="roleid" type="int"/>
		<variable name="item_type" type="int"/>
		<variable name="fg_roleid" type="int"/>
		<variable name="fg_chatid" type="int"/>
	</protocol>

	<!-- delivery ==> client -->
	<protocol debug="0" name="FG_InviteRe" type="30368" maxsize="1024" prior="1">
		<variable name="fg_chatid" type="int"/>
		<variable name="chat_name" type="Octets" attr="ref"/>
		<variable name="owner_oroleid" type="int"/>
		<variable name="invitee_oroleid" type="int"/>
		<variable name="owner_name" type="Octets" attr="ref"/>
		<variable name="invitee_name" type="Octets" attr="ref"/>
	</protocol>
	<protocol debug="0" name="FG_AgreeInviteRe" type="30369" maxsize="1024" prior="1">
		<variable name="state" type="int"/>
		<variable name="chat_name" type="Octets" attr="ref"/>
		<variable name="owner_oroleid" type="int"/>
		<variable name="invitee_oroleid" type="int"/>
		<variable name="invitee_name" type="Octets" attr="ref"/>
	</protocol>
	<protocol debug="0" name="FG_RAllocRoleid" type="30370" maxsize="1024" prior="1">
		<variable name="roleid" type="int"/>
		<variable name="fg_roleid" type="int"/>
	</protocol>
	<protocol debug="0" name="FG_RErrorMsg" type="30371" maxsize="1024" prior="1">
		<variable name="roleid" type="int"/>
		<variable name="err_type" type="int"/>
	</protocol>
	<protocol debug="0" name="FG_RNotice" type="30372" maxsize="1024" prior="1">
		<variable name="roleid" type="int"/>
		<variable name="type" type="int"/>
		<variable name="fg_chatid" type="int"/>
		<variable name="param" type="int"/>
	</protocol>
	<protocol debug="0" name="FG_RNoticeJoin" type="30373" maxsize="1024" prior="1">
		<variable name="roleid" type="int"/>
		<variable name="fg_chatid" type="int"/>
		<variable name="fg_roleid" type="int"/>
		<variable name="info" type="ChatRoleInfo" attr="ref"/>
	</protocol>
	<protocol debug="0" name="FG_RPoint" type="30374" maxsize="1024" prior="1">
		<variable name="roleid" type="int"/>
		<variable name="type" type="int"/>
		<variable name="chat_name" type="Octets" attr="ref"/>
		<variable name="role_name" type="Octets" attr="ref"/>
	</protocol>
	<protocol debug="0" name="FG_RChatList" type="30375" maxsize="1048576" prior="1">
		<variable name="roleid" type="int"/>
		<variable name="fg_roleid" type="int"/>
		<variable name="own_limit" type="short"/>
		<variable name="join_limit" type="short"/>
		<variable name="chatlist" type="std::map&lt;int,FChatElement&gt;" attr="ref"/>
	</protocol>
	<protocol debug="0" name="FG_RChatLimit" type="30376" maxsize="1024" prior="1">
		<variable name="roleid" type="int"/>
		<variable name="own_limit" type="short"/>
		<variable name="join_limit" type="short"/>
	</protocol>
	<protocol debug="0" name="FG_RChatIntro" type="30377" maxsize="1024" prior="1">
		<variable name="roleid" type="int"/>
		<variable name="fg_chatid" type="int"/>
		<variable name="intro" type="Octets" attr="ref"/>
	</protocol>
	<protocol debug="0" name="FG_RChatMembers" type="30378" maxsize="1048576" prior="1">
		<variable name="roleid" type="int"/>
		<variable name="fg_chatid" type="int"/>
		<variable name="members" type="std::map&lt;int,ChatRoleInfo&gt;" attr="ref"/>
	</protocol>
	<protocol debug="0" name="FG_RSearchResult" type="30379" maxsize="1024" prior="1">
		<variable name="roleid" type="int"/>
		<variable name="fg_chatid" type="int"/>
		<variable name="chat_name" type="Octets" attr="ref"/>
		<variable name="intro" type="Octets" attr="ref"/>
		<variable name="confirm" type="char"/>
		<variable name="member_count" type="short"/>
		<variable name="owner_zoneid" type="int"/>
		<variable name="owner_name" type="Octets" attr="ref"/>
	</protocol>
	<protocol debug="0" name="FG_RSearchResults" type="30380" maxsize="1048576" prior="1">
		<variable name="roleid" type="int"/>
		<variable name="chat_name" type="Octets" attr="ref"/>
		<variable name="result" type="std::vector&lt;FSearchResult&gt;" attr="ref"/>
	</protocol>
	<protocol debug="0" name="FG_RApplicants" type="30381" maxsize="1048576" prior="1">
		<variable name="roleid" type="int"/>
		<variable name="fg_chatid" type="int"/>
		<variable name="applicants" type="std::vector&lt;std::pair&lt;int,ChatRoleInfo&gt; &gt;" attr="ref"/>
	</protocol>
	<protocol debug="0" name="FG_RChatCapacity" type="30382" maxsize="1024" prior="1">
		<variable name="roleid" type="int"/>
		<variable name="fg_chatid" type="int"/>
		<variable name="capacity" type="short"/>
	</protocol>
	<protocol debug="0" name="FG_RRoleHistory" type="30383" maxsize="1048576" prior="1">
		<variable name="roleid" type="int"/>
		<variable name="history" type="std::vector&lt;ChatRoleHistory&gt;" attr="ref"/>
	</protocol>
	<protocol debug="0" name="FG_RJoinChat" type="30384" maxsize="1024" prior="1">
		<variable name="roleid" type="int"/>
		<variable name="fg_chatid" type="int"/>
		<variable name="chat_name" type="Octets" attr="ref"/>
		<variable name="intro" type="Octets" attr="ref"/>
	</protocol>
	<protocol debug="0" name="FG_RTalk" type="30385" maxsize="1024" prior="1">
		<variable name="roleid" type="int"/>
		<variable name="fg_chatid" type="int"/>
		<variable name="talker" type="int"/>
		<variable name="vip" type="char"/>
		<variable name="msg" type="Octets" attr="ref"/>
	</protocol>

	<!-- delivery ==> delivery -->
	<protocol debug="0" name="FG_RAutoConfirm" type="30386" maxsize="1024" prior="1">
		<variable name="roleid" type="int"/>
		<variable name="fg_chatid" type="int"/>
		<variable name="app_oroleid" type="int"/>
		<variable name="confirm" type="char"/>
	</protocol>
	<protocol debug="0" name="FG_SetRoleOffline" type="30387" maxsize="1024" prior="1">
		<variable name="fg_roleid" type="int"/>
		<variable name="fg_chatid" type="int"/>
	</protocol>

	<!-- delivery ==> db -->
	<protocol debug="0" name="FG_DBSaveFGRoleid" type="30388" maxsize="1024" prior="1">
		<variable name="fg_roleid" type="int"/>
		<variable name="fg_roleid_expire_time" type="int"/>
	</protocol>
	<protocol debug="0" name="FG_DBRoleRouteChanged" type="30389" maxsize="1024" prior="1">
		<variable name="fg_roleid" type="int"/>
		<variable name="info" type="ChatRoleInfo" attr="ref"/>
	</protocol>
	<protocol debug="0" name="FG_DBSaveNextId" type="30390" maxsize="1024" prior="1">
		<variable name="next_roleid" type="int"/>
		<variable name="next_chatid" type="int"/>
	</protocol>
	<protocol debug="0" name="FG_DBSaveRole" type="30391" maxsize="1048576" prior="1">
		<variable name="fg_roleid" type="int"/>
		<variable name="role" type="FRole" attr="ref"/>
	</protocol>
	<protocol debug="0" name="FG_DBSaveChat" type="30392" maxsize="1048576" prior="1">
		<variable name="fg_chatid" type="int"/>
		<variable name="chat" type="FChat" attr="ref"/>
	</protocol>
	<protocol debug="0" name="FG_DBSaveMember" type="30393" maxsize="1048576" prior="1">
		<variable name="fg_chatid" type="int"/>
		<variable name="member" type="std::map&lt;int,FChatRole&gt;" attr="ref"/>
	</protocol>
	<rpcdata name="DBLoadRoleUpdateArg">
		<variable name="fg_roleid" type="int"/>
		<variable name="info" type="ChatRoleInfo"/>
	</rpcdata>
	<rpcdata name="DBLoadMemberRes">
		<variable name="member" type="std::map&lt;int,FChatRole&gt;"/>
	</rpcdata>
	<rpcdata name="DBLoadChatsRes">
		<variable name="chats" type="std::map&lt;int,FChat&gt;"/>
	</rpcdata>
	<rpc debug="0" name="FG_DBLoadNextId" type="30394" argument="Integer" result="GPair" maxsize="1024" prior="1" timeout="10"/>
	<rpc debug="0" name="FG_DBLoadRoleUpdate" type="30395" argument="DBLoadRoleUpdateArg" result="FRole" maxsize="1048576" prior="1" timeout="10"/>
	<rpc debug="0" name="FG_DBLoadRole" type="30396" argument="Integer" result="FRole" maxsize="1048576" prior="1" timeout="10"/>
	<rpc debug="0" name="FG_DBLoadChat" type="30397" argument="Integer" result="FChat" maxsize="1048576" prior="1" timeout="10"/>
	<rpc debug="0" name="FG_DBLoadMember" type="30398" argument="Integer" result="DBLoadMemberRes" maxsize="1048576" prior="1" timeout="10"/>
	<rpc debug="0" name="FG_DBLoadChats" type="30399" argument="IntVector" result="DBLoadChatsRes" maxsize="1048576" prior="1" timeout="10"/>

	<!-- delivery ==> client -->
    <rpcdata name="FG_InviteRqstArg">
        <variable name="roleid" type="int"/>
        <variable name="srcroleid" type="int"/>
        <variable name="srcname" type="Octets" attr="ref"/>
        <variable name="chat_name" type="Octets" attr="ref"/>
    </rpcdata>
	<rpc debug="0" name="FG_InviteRqst" type="30339" result="Integer" maxsize="64" prior="1" timeout="60"/>

    <service name="glinkd">
        <rpc ref="FG_InviteRqst" baseclass="ProxyRpc" sendmanager="GLinkServer"/>
    </service>
